"","months","neighbourhood_cleansed","price","number_of_reviews","review_count_change","city"
"1",2020-05-01,"Ashfield",98.6060606060606,11.2020202020202,NA,"sydney"
"2",2020-05-01,"Auburn",120.655246252677,23.4732334047109,NA,"sydney"
"3",2020-05-01,"Bankstown",87.3498233215548,10.5547703180212,NA,"sydney"
"4",2020-05-01,"Blacktown",80.4025559105431,10.3258785942492,NA,"sydney"
"5",2020-05-01,"Botany Bay",106.801515151515,15.219696969697,NA,"sydney"
"6",2020-05-01,"Burwood",87.8901515151515,8.40151515151515,NA,"sydney"
"7",2020-05-01,"Camden",107.632653061224,14.7959183673469,NA,"sydney"
"8",2020-05-01,"Campbelltown",106.157894736842,14.0701754385965,NA,"sydney"
"9",2020-05-01,"Canada Bay",125.75,10.0945945945946,NA,"sydney"
"10",2020-05-01,"Canterbury",91.4808743169399,10.5136612021858,NA,"sydney"
"11",2020-05-01,"City Of Kogarah",103.527093596059,15.5911330049261,NA,"sydney"
"12",2020-05-01,"Fairfield",86.2173913043478,17.9673913043478,NA,"sydney"
"13",2020-05-01,"Holroyd",93.7373737373737,11.2626262626263,NA,"sydney"
"14",2020-05-01,"Hornsby",110.477168949772,17.648401826484,NA,"sydney"
"15",2020-05-01,"Hunters Hill",164.52380952381,20.6190476190476,NA,"sydney"
"16",2020-05-01,"Hurstville",97.58,10.33,NA,"sydney"
"17",2020-05-01,"Ku-Ring-Gai",125.449367088608,13.9778481012658,NA,"sydney"
"18",2020-05-01,"Lane Cove",124.533333333333,14.3407407407407,NA,"sydney"
"19",2020-05-01,"Leichhardt",158.853121175031,21.3096695226438,NA,"sydney"
"20",2020-05-01,"Liverpool",117.576158940397,13.8609271523179,NA,"sydney"
"21",2020-05-01,"Manly",183.652698863636,13.7578125,NA,"sydney"
"22",2020-05-01,"Marrickville",113.5614927905,15.9151823579304,NA,"sydney"
"23",2020-05-01,"Mosman",170.611859838275,17.3881401617251,NA,"sydney"
"24",2020-05-01,"North Sydney",146.0300081103,15.8037307380373,NA,"sydney"
"25",2020-05-01,"Parramatta",102.298093587522,12.0727902946274,NA,"sydney"
"26",2020-05-01,"Penrith",123.936416184971,25.4104046242775,NA,"sydney"
"27",2020-05-01,"Pittwater",203.965151515152,30.9712121212121,NA,"sydney"
"28",2020-05-01,"Randwick",132.877611940299,9.55024875621891,NA,"sydney"
"29",2020-05-01,"Rockdale",103.942760942761,13.9001122334456,NA,"sydney"
"30",2020-05-01,"Ryde",102.199712643678,11.110632183908,NA,"sydney"
"31",2020-05-01,"Strathfield",85.5714285714286,12.0612244897959,NA,"sydney"
"32",2020-05-01,"Sutherland Shire",152.027833001988,24.6719681908549,NA,"sydney"
"33",2020-05-01,"Sydney",144.305878445699,22.2679065648179,NA,"sydney"
"34",2020-05-01,"The Hills Shire",101.954692556634,17.411003236246,NA,"sydney"
"35",2020-05-01,"Warringah",158.678498293515,10.3986348122867,NA,"sydney"
"36",2020-05-01,"Waverley",157.352875613018,11.6578243423986,NA,"sydney"
"37",2020-05-01,"Willoughby",133.504184100418,11.4497907949791,NA,"sydney"
"38",2020-05-01,"Woollahra",156.604294478528,13.1648773006135,NA,"sydney"
"39",2020-06-01,"Ashfield",98.2491467576792,10.1808873720137,23,"sydney"
"40",2020-06-01,"Auburn",117.838709677419,22.1751152073733,89,"sydney"
"41",2020-06-01,"Bankstown",88.3225806451613,10.6702508960573,41,"sydney"
"42",2020-06-01,"Blacktown",79.0332225913621,11.0066445182724,45,"sydney"
"43",2020-06-01,"Botany Bay",104.936630602782,14.9938176197836,49,"sydney"
"44",2020-06-01,"Burwood",86.1976744186046,8.26356589147287,14,"sydney"
"45",2020-06-01,"Camden",106.76,15.68,14,"sydney"
"46",2020-06-01,"Campbelltown",108.309734513274,14.2035398230088,28,"sydney"
"47",2020-06-01,"Canada Bay",125.336470588235,10.2258823529412,37,"sydney"
"48",2020-06-01,"Canterbury",91.0743801652893,10.2699724517906,26,"sydney"
"49",2020-06-01,"City Of Kogarah",106.490196078431,15.5637254901961,18,"sydney"
"50",2020-06-01,"Fairfield",85.3510638297872,18.1489361702128,37,"sydney"
"51",2020-06-01,"Holroyd",92.5656565656566,10.6060606060606,13,"sydney"
"52",2020-06-01,"Hornsby",107.5,17.8279069767442,80,"sydney"
"53",2020-06-01,"Hunters Hill",163.558139534884,20.4186046511628,2,"sydney"
"54",2020-06-01,"Hurstville",97.1776649746193,10.2791878172589,8,"sydney"
"55",2020-06-01,"Ku-Ring-Gai",125.854838709677,14.1903225806452,32,"sydney"
"56",2020-06-01,"Lane Cove",122.910112359551,14.0674157303371,21,"sydney"
"57",2020-06-01,"Leichhardt",157.766169154229,20.7475124378109,66,"sydney"
"58",2020-06-01,"Liverpool",111.448275862069,13.9172413793103,39,"sydney"
"59",2020-06-01,"Manly",183.390870185449,13.7460770328103,120,"sydney"
"60",2020-06-01,"Marrickville",111.93653516295,15.508576329331,89,"sydney"
"61",2020-06-01,"Mosman",171.891891891892,17.1864864864865,21,"sydney"
"62",2020-06-01,"North Sydney",145.83387888707,15.3854337152209,121,"sydney"
"63",2020-06-01,"Parramatta",102.019927536232,12.2952898550725,83,"sydney"
"64",2020-06-01,"Penrith",123.849397590361,25.6385542168675,86,"sydney"
"65",2020-06-01,"Pittwater",203.966257668712,30.8773006134969,229,"sydney"
"66",2020-06-01,"Randwick",132.211698238617,9.64307078763709,145,"sydney"
"67",2020-06-01,"Rockdale",102.086956521739,13.6281464530892,98,"sydney"
"68",2020-06-01,"Ryde",100.931034482759,11.1379310344828,95,"sydney"
"69",2020-06-01,"Strathfield",84.3096446700508,11.6243654822335,25,"sydney"
"70",2020-06-01,"Sutherland Shire",151.840909090909,25.5681818181818,141,"sydney"
"71",2020-06-01,"Sydney",144.842254479474,21.6594465865276,872,"sydney"
"72",2020-06-01,"The Hills Shire",102.103678929766,16.4715719063545,51,"sydney"
"73",2020-06-01,"Warringah",158.529452529453,10.3943173943174,100,"sydney"
"74",2020-06-01,"Waverley",156.943127962085,11.6531257052584,204,"sydney"
"75",2020-06-01,"Willoughby",132.042105263158,11.7726315789474,62,"sydney"
"76",2020-06-01,"Woollahra",156.373028391167,12.891167192429,58,"sydney"
"77",2020-08-01,"Ashfield",96.9063346613546,10.3665338645418,76,"sydney"
"78",2020-08-01,"Auburn",100.882762762763,19.4114114114114,241,"sydney"
"79",2020-08-01,"Bankstown",89.6128163265306,10.3755102040816,98,"sydney"
"80",2020-08-01,"Blacktown",72.9521167883212,10.5729927007299,139,"sydney"
"81",2020-08-01,"Botany Bay",97.2351318101933,14.8506151142355,177,"sydney"
"82",2020-08-01,"Burwood",85.2632365145228,8.39834024896266,50,"sydney"
"83",2020-08-01,"Camden",112.36170212766,16.6382978723404,61,"sydney"
"84",2020-08-01,"Campbelltown",115.989010989011,15.1428571428571,70,"sydney"
"85",2020-08-01,"Canada Bay",125.535526315789,11.2982456140351,102,"sydney"
"86",2020-08-01,"Canterbury",86.8137254901961,9.86928104575163,36,"sydney"
"87",2020-08-01,"City Of Kogarah",92.3926285714286,17.3028571428571,60,"sydney"
"88",2020-08-01,"Fairfield",82.0568181818182,20.7954545454545,103,"sydney"
"89",2020-08-01,"Holroyd",82.7772619047619,10.1785714285714,44,"sydney"
"90",2020-08-01,"Hornsby",105.580744680851,18.7659574468085,323,"sydney"
"91",2020-08-01,"Hunters Hill",162.918918918919,24.0540540540541,7,"sydney"
"92",2020-08-01,"Hurstville",90.968612716763,9.30635838150289,49,"sydney"
"93",2020-08-01,"Ku-Ring-Gai",124.455923344948,13.7630662020906,120,"sydney"
"94",2020-08-01,"Lane Cove",115.46835443038,15.4767932489451,84,"sydney"
"95",2020-08-01,"Leichhardt",151.181818181818,21.1221590909091,250,"sydney"
"96",2020-08-01,"Liverpool",108.645390070922,14.4397163120567,105,"sydney"
"97",2020-08-01,"Manly",172.429659270998,14.6133122028526,428,"sydney"
"98",2020-08-01,"Marrickville",104.869959183673,15.8081632653061,303,"sydney"
"99",2020-08-01,"Mosman",167.402428115016,18.2779552715655,93,"sydney"
"100",2020-08-01,"North Sydney",139.317292250233,16.0261437908497,456,"sydney"
"101",2020-08-01,"Parramatta",98.6051926977688,13.1034482758621,239,"sydney"
"102",2020-08-01,"Penrith",116.506756756757,25.4324324324324,240,"sydney"
"103",2020-08-01,"Pittwater",202.268944723618,32.9932998324958,1095,"sydney"
"104",2020-08-01,"Randwick",127.172614607615,9.93861693861694,589,"sydney"
"105",2020-08-01,"Rockdale",94.6696391752577,15.0322164948454,339,"sydney"
"106",2020-08-01,"Ryde",92.0268500948767,10.9829222011385,302,"sydney"
"107",2020-08-01,"Strathfield",90.1823529411765,12.0529411764706,48,"sydney"
"108",2020-08-01,"Sutherland Shire",143.400636792453,28.5306603773585,508,"sydney"
"109",2020-08-01,"Sydney",131.492942453855,22.5443811074919,3437,"sydney"
"110",2020-08-01,"The Hills Shire",103.171821305842,17.1958762886598,241,"sydney"
"111",2020-08-01,"Warringah",157.457235387046,11.3909952606635,386,"sydney"
"112",2020-08-01,"Waverley",149.820021378942,11.8776055585249,808,"sydney"
"113",2020-08-01,"Willoughby",120.420909090909,12.7645687645688,166,"sydney"
"114",2020-08-01,"Woollahra",151.805519421861,12.9584462511292,212,"sydney"
"115",2020-09-01,"Ashfield",98.6403571428571,9.78571428571429,31,"sydney"
"116",2020-09-01,"Auburn",104.189760638298,19.4122340425532,52,"sydney"
"117",2020-09-01,"Bankstown",88.1742857142857,11.011583011583,16,"sydney"
"118",2020-09-01,"Blacktown",73.1911743772242,10.4839857651246,34,"sydney"
"119",2020-09-01,"Botany Bay",96.0054028436019,14.3601895734597,30,"sydney"
"120",2020-09-01,"Burwood",87.8935384615385,8.24230769230769,21,"sydney"
"121",2020-09-01,"Camden",110.473125,17.2708333333333,11,"sydney"
"122",2020-09-01,"Campbelltown",107.412551020408,14.8265306122449,17,"sydney"
"123",2020-09-01,"Canada Bay",122.273942558747,10.7624020887728,18,"sydney"
"124",2020-09-01,"Canterbury",87.1793965517241,10.2614942528736,43,"sydney"
"125",2020-09-01,"City Of Kogarah",90.9833488372093,14.646511627907,21,"sydney"
"126",2020-09-01,"Fairfield",86.1507692307692,20.7362637362637,35,"sydney"
"127",2020-09-01,"Holroyd",85.4421052631579,9.35789473684211,6,"sydney"
"128",2020-09-01,"Hornsby",104.834951456311,18.1674757281553,133,"sydney"
"129",2020-09-01,"Hunters Hill",162.581951219512,21.7560975609756,0,"sydney"
"130",2020-09-01,"Hurstville",89.6193298969072,9.98453608247423,16,"sydney"
"131",2020-09-01,"Ku-Ring-Gai",122.661290322581,13.9677419354839,38,"sydney"
"132",2020-09-01,"Lane Cove",115.646653846154,14.7423076923077,17,"sydney"
"133",2020-09-01,"Leichhardt",151.924310998736,19.7193426042984,59,"sydney"
"134",2020-09-01,"Liverpool",110.081481481481,13.5851851851852,22,"sydney"
"135",2020-09-01,"Manly",172.193859011628,13.6293604651163,120,"sydney"
"136",2020-09-01,"Marrickville",104.19771040724,14.9266968325792,74,"sydney"
"137",2020-09-01,"Mosman",169.223426183844,16.8412256267409,21,"sydney"
"138",2020-09-01,"North Sydney",140.610983193277,15.290756302521,112,"sydney"
"139",2020-09-01,"Parramatta",97.5293032015066,12.7796610169492,57,"sydney"
"140",2020-09-01,"Penrith",115.504551282051,24.525641025641,61,"sydney"
"141",2020-09-01,"Pittwater",203.019968895801,32.1632970451011,401,"sydney"
"142",2020-09-01,"Randwick",126.050990647731,9.21163837894008,144,"sydney"
"143",2020-09-01,"Rockdale",94.8366513233602,13.7963176064442,69,"sydney"
"144",2020-09-01,"Ryde",93.888234295416,10.7894736842105,100,"sydney"
"145",2020-09-01,"Strathfield",89.6693298969072,10.9639175257732,33,"sydney"
"146",2020-09-01,"Sutherland Shire",142.544053452116,27.271714922049,133,"sydney"
"147",2020-09-01,"Sydney",131.602284979172,21.117128154864,784,"sydney"
"148",2020-09-01,"The Hills Shire",101.71142384106,16.8079470198675,62,"sydney"
"149",2020-09-01,"Warringah",157.182463976945,10.5374639769452,104,"sydney"
"150",2020-09-01,"Waverley",148.998351262862,11.2570159027128,231,"sydney"
"151",2020-09-01,"Willoughby",122.460936819172,12.0980392156863,41,"sydney"
"152",2020-09-01,"Woollahra",151.395795454545,12.1469155844156,64,"sydney"
"153",2020-10-01,"Ashfield",100.280649819495,9.31768953068592,26,"sydney"
"154",2020-10-01,"Auburn",103.586185286104,19.7275204359673,87,"sydney"
"155",2020-10-01,"Bankstown",89.5559073359073,11.0849420849421,52,"sydney"
"156",2020-10-01,"Blacktown",74.6302573529412,10.8566176470588,58,"sydney"
"157",2020-10-01,"Botany Bay",96.2276058631922,13.9169381107492,54,"sydney"
"158",2020-10-01,"Burwood",85.5272519083969,8.43893129770992,42,"sydney"
"159",2020-10-01,"Camden",108.414807692308,15.8269230769231,30,"sydney"
"160",2020-10-01,"Campbelltown",104.785744680851,15.5531914893617,27,"sydney"
"161",2020-10-01,"Canada Bay",121.147229551451,10.4379947229551,39,"sydney"
"162",2020-10-01,"Canterbury",87.6959077809798,9.9164265129683,28,"sydney"
"163",2020-10-01,"City Of Kogarah",93.1668691588785,14.5327102803738,40,"sydney"
"164",2020-10-01,"Fairfield",79.9449397590361,21.421686746988,37,"sydney"
"165",2020-10-01,"Holroyd",78.0620652173913,9.48913043478261,12,"sydney"
"166",2020-10-01,"Hornsby",104.805736040609,18.6827411167513,167,"sydney"
"167",2020-10-01,"Hunters Hill",166.90243902439,21.7073170731707,4,"sydney"
"168",2020-10-01,"Hurstville",90.5255789473684,10.1578947368421,29,"sydney"
"169",2020-10-01,"Ku-Ring-Gai",125.159710610932,14.0771704180064,56,"sydney"
"170",2020-10-01,"Lane Cove",115.891072796935,14.3409961685824,34,"sydney"
"171",2020-10-01,"Leichhardt",153.24628238342,19.9430051813472,119,"sydney"
"172",2020-10-01,"Liverpool",104.740158730159,14.4761904761905,39,"sydney"
"173",2020-10-01,"Manly",174.182423564504,13.7330350484713,349,"sydney"
"174",2020-10-01,"Marrickville",103.638499542543,14.6742909423605,147,"sydney"
"175",2020-10-01,"Mosman",168.787426900585,16.8040935672515,59,"sydney"
"176",2020-10-01,"North Sydney",140.58464532872,15.5034602076125,256,"sydney"
"177",2020-10-01,"Parramatta",97.2124812030075,11.8477443609023,71,"sydney"
"178",2020-10-01,"Penrith",116.088666666667,25.6933333333333,111,"sydney"
"179",2020-10-01,"Pittwater",204.354838187702,33.1877022653722,883,"sydney"
"180",2020-10-01,"Randwick",126.488963932107,8.96251768033946,305,"sydney"
"181",2020-10-01,"Rockdale",95.7121759259259,13.9085648148148,157,"sydney"
"182",2020-10-01,"Ryde",94.5975820379965,10.8981001727116,155,"sydney"
"183",2020-10-01,"Strathfield",88.3197354497354,10.3597883597884,35,"sydney"
"184",2020-10-01,"Sutherland Shire",143.564346846847,28.0247747747748,332,"sydney"
"185",2020-10-01,"Sydney",132.043733316702,20.8152675564426,1598,"sydney"
"186",2020-10-01,"The Hills Shire",103.288633333333,16.5533333333333,99,"sydney"
"187",2020-10-01,"Warringah",157.20844789357,10.8906134515891,321,"sydney"
"188",2020-10-01,"Waverley",149.624052318668,11.3479191438763,439,"sydney"
"189",2020-10-01,"Willoughby",121.45723830735,12.1559020044543,93,"sydney"
"190",2020-10-01,"Woollahra",151.303903252711,11.8924103419516,114,"sydney"
"191",2020-11-01,"Ashfield",99.8690909090909,8.24363636363636,22,"sydney"
"192",2020-11-01,"Auburn",103.192200557103,18.9888579387187,83,"sydney"
"193",2020-11-01,"Bankstown",90.2489795918367,11.5102040816327,36,"sydney"
"194",2020-11-01,"Blacktown",75.0323741007194,10.705035971223,35,"sydney"
"195",2020-11-01,"Botany Bay",96.1387959866221,14.0602006688963,39,"sydney"
"196",2020-11-01,"Burwood",86.7370517928287,8.55776892430279,18,"sydney"
"197",2020-11-01,"Camden",110.901960784314,16.2156862745098,18,"sydney"
"198",2020-11-01,"Campbelltown",105.645833333333,15.1145833333333,10,"sydney"
"199",2020-11-01,"Canada Bay",118.14406779661,10.8418079096045,21,"sydney"
"200",2020-11-01,"Canterbury",87.4349112426035,9.44082840236686,19,"sydney"
"201",2020-11-01,"City Of Kogarah",92.8666666666667,14.4977777777778,22,"sydney"
"202",2020-11-01,"Fairfield",77.5875,21.6375,30,"sydney"
"203",2020-11-01,"Holroyd",78.02,8.89,15,"sydney"
"204",2020-11-01,"Hornsby",104.063324538259,18.844327176781,97,"sydney"
"205",2020-11-01,"Hunters Hill",163.666666666667,19.4761904761905,2,"sydney"
"206",2020-11-01,"Hurstville",87.103825136612,10.5956284153005,16,"sydney"
"207",2020-11-01,"Ku-Ring-Gai",126.486928104575,13.5653594771242,44,"sydney"
"208",2020-11-01,"Lane Cove",113.277777777778,14.1746031746032,9,"sydney"
"209",2020-11-01,"Leichhardt",154.815546772069,20.129117259552,81,"sydney"
"210",2020-11-01,"Liverpool",103.116279069767,14.937984496124,27,"sydney"
"211",2020-11-01,"Manly",176.831029185868,13.8548387096774,191,"sydney"
"212",2020-11-01,"Marrickville",104.740306582507,14.6311992786294,126,"sydney"
"213",2020-11-01,"Mosman",170.497041420118,17.1360946745562,31,"sydney"
"214",2020-11-01,"North Sydney",142.156363636364,15.1145454545455,144,"sydney"
"215",2020-11-01,"Parramatta",99.6660412757974,11.968105065666,58,"sydney"
"216",2020-11-01,"Penrith",116.612244897959,26.3877551020408,76,"sydney"
"217",2020-11-01,"Pittwater",208.035143769968,33.6373801916933,488,"sydney"
"218",2020-11-01,"Randwick",126.821893063584,9.0614161849711,223,"sydney"
"219",2020-11-01,"Rockdale",95.6555023923445,13.8911483253589,89,"sydney"
"220",2020-11-01,"Ryde",93.9405594405594,11.027972027972,74,"sydney"
"221",2020-11-01,"Strathfield",83.1284916201117,9.75977653631285,33,"sydney"
"222",2020-11-01,"Sutherland Shire",144.22850678733,28.0882352941176,208,"sydney"
"223",2020-11-01,"Sydney",132.301192590713,21.0024105556965,1165,"sydney"
"224",2020-11-01,"The Hills Shire",101.304794520548,16.3458904109589,58,"sydney"
"225",2020-11-01,"Warringah",156.90353460972,10.7297496318115,160,"sydney"
"226",2020-11-01,"Waverley",150.354861944778,11.309243697479,289,"sydney"
"227",2020-11-01,"Willoughby",122.562358276644,12.2834467120181,59,"sydney"
"228",2020-11-01,"Woollahra",152.208126036484,11.7985074626866,84,"sydney"
"229",2020-12-01,"Ashfield",104.716475095785,8.63218390804598,52,"sydney"
"230",2020-12-01,"Auburn",114.994428969359,18.016713091922,176,"sydney"
"231",2020-12-01,"Bankstown",93.2480620155039,11.2248062015504,74,"sydney"
"232",2020-12-01,"Blacktown",75.0251798561151,10.8489208633094,77,"sydney"
"233",2020-12-01,"Botany Bay",98.8692052980132,13.4254966887417,99,"sydney"
"234",2020-12-01,"Burwood",95.5823293172691,8.64658634538153,50,"sydney"
"235",2020-12-01,"Camden",108.22,16.98,29,"sydney"
"236",2020-12-01,"Campbelltown",110.126315789474,14.8631578947368,34,"sydney"
"237",2020-12-01,"Canada Bay",120.807262569832,10.3854748603352,77,"sydney"
"238",2020-12-01,"Canterbury",88.4545454545455,9.20606060606061,56,"sydney"
"239",2020-12-01,"City Of Kogarah",93.3,14.4285714285714,61,"sydney"
"240",2020-12-01,"Fairfield",84.4698795180723,20.8674698795181,46,"sydney"
"241",2020-12-01,"Holroyd",80.1553398058252,8.19417475728155,29,"sydney"
"242",2020-12-01,"Hornsby",113.106060606061,18.239898989899,226,"sydney"
"243",2020-12-01,"Hunters Hill",158.175,20.2,12,"sydney"
"244",2020-12-01,"Hurstville",91.4689265536723,10.8022598870057,20,"sydney"
"245",2020-12-01,"Ku-Ring-Gai",127.93288590604,13.7751677852349,77,"sydney"
"246",2020-12-01,"Lane Cove",114.569105691057,14.0487804878049,68,"sydney"
"247",2020-12-01,"Leichhardt",158.93642384106,19.7894039735099,200,"sydney"
"248",2020-12-01,"Liverpool",108.389312977099,14.0610687022901,45,"sydney"
"249",2020-12-01,"Manly",184.085337470908,13.3506594259116,396,"sydney"
"250",2020-12-01,"Marrickville",105.928571428571,14.5750915750916,312,"sydney"
"251",2020-12-01,"Mosman",167.378205128205,18.4967948717949,74,"sydney"
"252",2020-12-01,"North Sydney",145.217351598174,15.0356164383562,328,"sydney"
"253",2020-12-01,"Parramatta",101.751445086705,12.6319845857418,162,"sydney"
"254",2020-12-01,"Penrith",116.389261744966,24.3691275167785,119,"sydney"
"255",2020-12-01,"Pittwater",211.817275747508,34.343853820598,867,"sydney"
"256",2020-12-01,"Randwick",131.250606279322,8.4572356549982,490,"sydney"
"257",2020-12-01,"Rockdale",97.8783274021352,13.3902728351127,216,"sydney"
"258",2020-12-01,"Ryde",96.2155172413793,11.0275862068966,181,"sydney"
"259",2020-12-01,"Strathfield",86.6744186046512,11.9011627906977,57,"sydney"
"260",2020-12-01,"Sutherland Shire",151.429223744292,28.0525114155251,427,"sydney"
"261",2020-12-01,"Sydney",136.559520708518,21.0432404271946,2861,"sydney"
"262",2020-12-01,"The Hills Shire",99.1418181818182,17.4072727272727,147,"sydney"
"263",2020-12-01,"Warringah",161.444526627219,10.7352071005917,402,"sydney"
"264",2020-12-01,"Waverley",155.312925170068,10.8214285714286,780,"sydney"
"265",2020-12-01,"Willoughby",127.217889908257,11.9151376146789,101,"sydney"
"266",2020-12-01,"Woollahra",156.370274914089,11.2070446735395,182,"sydney"
"267",2021-01-01,"Ashfield",104.125,8.9609375,30,"sydney"
"268",2021-01-01,"Auburn",111.295264623955,18.4038997214485,149,"sydney"
"269",2021-01-01,"Bankstown",92.1828793774319,11.2101167315175,43,"sydney"
"270",2021-01-01,"Blacktown",73.6920289855072,11.1521739130435,55,"sydney"
"271",2021-01-01,"Botany Bay",100.346972176759,13.2258592471358,74,"sydney"
"272",2021-01-01,"Burwood",94.2217741935484,8.70564516129032,58,"sydney"
"273",2021-01-01,"Camden",115.098039215686,16.7647058823529,12,"sydney"
"274",2021-01-01,"Campbelltown",114.649484536082,14.6288659793814,17,"sydney"
"275",2021-01-01,"Canada Bay",118.980662983425,10.4640883977901,53,"sydney"
"276",2021-01-01,"Canterbury",87.8993902439024,9.67378048780488,40,"sydney"
"277",2021-01-01,"City Of Kogarah",93.6142857142857,15.0095238095238,48,"sydney"
"278",2021-01-01,"Fairfield",85.5125,21.2625,29,"sydney"
"279",2021-01-01,"Holroyd",81.6105263157895,8.94736842105263,22,"sydney"
"280",2021-01-01,"Hornsby",112.163265306122,18.5637755102041,142,"sydney"
"281",2021-01-01,"Hunters Hill",160.9,14.5,6,"sydney"
"282",2021-01-01,"Hurstville",90.375,10.8295454545455,33,"sydney"
"283",2021-01-01,"Ku-Ring-Gai",127.265306122449,13.2585034013605,56,"sydney"
"284",2021-01-01,"Lane Cove",114.767346938776,13.3265306122449,26,"sydney"
"285",2021-01-01,"Leichhardt",158.625,19.9853723404255,125,"sydney"
"286",2021-01-01,"Liverpool",106.202898550725,13.6014492753623,40,"sydney"
"287",2021-01-01,"Manly",182.724592707525,13.4398758727696,200,"sydney"
"288",2021-01-01,"Marrickville",104.572483841182,14.7460757156048,192,"sydney"
"289",2021-01-01,"Mosman",166.96875,18.2875,64,"sydney"
"290",2021-01-01,"North Sydney",142.330889092576,15.4115490375802,229,"sydney"
"291",2021-01-01,"Parramatta",102.413407821229,12.3314711359404,105,"sydney"
"292",2021-01-01,"Penrith",127.006289308176,24.3836477987421,136,"sydney"
"293",2021-01-01,"Pittwater",212.831946755408,34.1763727121464,167,"sydney"
"294",2021-01-01,"Randwick",130.122206200433,8.4282624369142,319,"sydney"
"295",2021-01-01,"Rockdale",99.346016646849,13.4149821640904,163,"sydney"
"296",2021-01-01,"Ryde",94.6535836177474,10.9044368600683,154,"sydney"
"297",2021-01-01,"Strathfield",85.7225433526011,11.9595375722543,34,"sydney"
"298",2021-01-01,"Sutherland Shire",148.354545454545,28.4477272727273,305,"sydney"
"299",2021-01-01,"Sydney",135.023445595855,20.8512953367876,1900,"sydney"
"300",2021-01-01,"The Hills Shire",99.8949275362319,16.7246376811594,79,"sydney"
"301",2021-01-01,"Warringah",159.809274495138,11.0134629768138,150,"sydney"
"302",2021-01-01,"Waverley",153.947775628627,11.093085106383,599,"sydney"
"303",2021-01-01,"Willoughby",123.864559819413,11.8758465011287,74,"sydney"
"304",2021-01-01,"Woollahra",154.521440823328,11.4133790737564,116,"sydney"
"305",2021-02-01,"Ashfield",102.892,8.9,25,"sydney"
"306",2021-02-01,"Auburn",112.010840108401,17.9512195121951,107,"sydney"
"307",2021-02-01,"Bankstown",90.7411764705882,11.2156862745098,32,"sydney"
"308",2021-02-01,"Blacktown",74.9814126394052,11.0669144981413,35,"sydney"
"309",2021-02-01,"Botany Bay",102.085667215815,13.5189456342669,41,"sydney"
"310",2021-02-01,"Burwood",90.5418502202643,9.5726872246696,38,"sydney"
"311",2021-02-01,"Camden",113.7,17.28,10,"sydney"
"312",2021-02-01,"Campbelltown",117.245098039216,14.5,18,"sydney"
"313",2021-02-01,"Canada Bay",120.232044198895,10.5414364640884,44,"sydney"
"314",2021-02-01,"Canterbury",89.1575757575758,9.50606060606061,19,"sydney"
"315",2021-02-01,"City Of Kogarah",90.7342995169082,14.5458937198068,34,"sydney"
"316",2021-02-01,"Fairfield",86.8809523809524,20.6785714285714,36,"sydney"
"317",2021-02-01,"Holroyd",82.5106382978723,9.12765957446809,12,"sydney"
"318",2021-02-01,"Hornsby",108.380208333333,19.1197916666667,144,"sydney"
"319",2021-02-01,"Hunters Hill",153.974358974359,14.8461538461538,3,"sydney"
"320",2021-02-01,"Hurstville",90.2824858757062,10.8757062146893,19,"sydney"
"321",2021-02-01,"Ku-Ring-Gai",126.094405594406,13.6363636363636,44,"sydney"
"322",2021-02-01,"Lane Cove",113.379166666667,13.6916666666667,43,"sydney"
"323",2021-02-01,"Leichhardt",158.187584345479,19.7219973009447,107,"sydney"
"324",2021-02-01,"Liverpool",107.507462686567,14.0746268656716,26,"sydney"
"325",2021-02-01,"Manly",179.708527131783,13.4922480620155,309,"sydney"
"326",2021-02-01,"Marrickville",105.322253000923,14.6057248384118,129,"sydney"
"327",2021-02-01,"Mosman",172.395136778115,18.1398176291793,70,"sydney"
"328",2021-02-01,"North Sydney",143.436062557498,15.1168353265869,236,"sydney"
"329",2021-02-01,"Parramatta",100.163227016886,12.609756097561,84,"sydney"
"330",2021-02-01,"Penrith",129.391025641026,25.8974358974359,116,"sydney"
"331",2021-02-01,"Pittwater",212.599025974026,34.6493506493507,490,"sydney"
"332",2021-02-01,"Randwick",128.820384889522,8.43549536707056,332,"sydney"
"333",2021-02-01,"Rockdale",97.1414752116082,13.2079806529625,90,"sydney"
"334",2021-02-01,"Ryde",96.4415807560137,10.8986254295533,104,"sydney"
"335",2021-02-01,"Strathfield",85.7151162790698,11.7325581395349,42,"sydney"
"336",2021-02-01,"Sutherland Shire",146.359908883827,29.125284738041,337,"sydney"
"337",2021-02-01,"Sydney",135.653946340193,20.4749934878875,1404,"sydney"
"338",2021-02-01,"The Hills Shire",102.601449275362,17.1920289855072,79,"sydney"
"339",2021-02-01,"Warringah",160.460352422907,10.8685756240822,213,"sydney"
"340",2021-02-01,"Waverley",153.568021416403,11.1182769530299,535,"sydney"
"341",2021-02-01,"Willoughby",124.05311778291,12.0254041570439,57,"sydney"
"342",2021-02-01,"Woollahra",155.441680960549,11.4785591766724,94,"sydney"
"343",2021-03-01,"Ashfield",104.504132231405,8.90495867768595,29,"sydney"
"344",2021-03-01,"Auburn",111.568783068783,16.542328042328,112,"sydney"
"345",2021-03-01,"Bankstown",91.8735177865613,11.4229249011858,51,"sydney"
"346",2021-03-01,"Blacktown",78.2142857142857,11.3796992481203,53,"sydney"
"347",2021-03-01,"Botany Bay",103.191850594228,13.7572156196944,77,"sydney"
"348",2021-03-01,"Burwood",91.6238532110092,10.0779816513761,45,"sydney"
"349",2021-03-01,"Camden",114.714285714286,17.8367346938776,11,"sydney"
"350",2021-03-01,"Campbelltown",110.742574257426,15.0594059405941,20,"sydney"
"351",2021-03-01,"Canada Bay",120.682451253482,10.5849582172702,47,"sydney"
"352",2021-03-01,"Canterbury",90.4135802469136,9.71913580246914,41,"sydney"
"353",2021-03-01,"City Of Kogarah",90.51,14.06,21,"sydney"
"354",2021-03-01,"Fairfield",83.3294117647059,21.4823529411765,43,"sydney"
"355",2021-03-01,"Holroyd",83.4838709677419,9.40860215053763,17,"sydney"
"356",2021-03-01,"Hornsby",108.089005235602,19.5680628272251,128,"sydney"
"357",2021-03-01,"Hunters Hill",157.052631578947,15.2631578947368,8,"sydney"
"358",2021-03-01,"Hurstville",91.2555555555556,10.5166666666667,30,"sydney"
"359",2021-03-01,"Ku-Ring-Gai",126.313588850174,13.9547038327526,44,"sydney"
"360",2021-03-01,"Lane Cove",113.3375,13.8666666666667,44,"sydney"
"361",2021-03-01,"Leichhardt",157.112328767123,19.6794520547945,140,"sydney"
"362",2021-03-01,"Liverpool",113.684210526316,14.0225563909774,38,"sydney"
"363",2021-03-01,"Manly",179.27358490566,13.4072327044025,233,"sydney"
"364",2021-03-01,"Marrickville",105.638554216867,14.660797034291,202,"sydney"
"365",2021-03-01,"Mosman",170.171875,18.471875,60,"sydney"
"366",2021-03-01,"North Sydney",142.404651162791,15.2967441860465,228,"sydney"
"367",2021-03-01,"Parramatta",100.514506769826,12.9226305609284,110,"sydney"
"368",2021-03-01,"Penrith",126.388157894737,26.1513157894737,81,"sydney"
"369",2021-03-01,"Pittwater",211.008291873964,35.0049751243781,409,"sydney"
"370",2021-03-01,"Randwick",128.837301587302,8.43217893217893,293,"sydney"
"371",2021-03-01,"Rockdale",97.5649509803922,13.2463235294118,90,"sydney"
"372",2021-03-01,"Ryde",96.1646447140381,10.9948006932409,118,"sydney"
"373",2021-03-01,"Strathfield",86.5029239766082,14.1637426900585,39,"sydney"
"374",2021-03-01,"Sutherland Shire",146.336363636364,29.3772727272727,227,"sydney"
"375",2021-03-01,"Sydney",136.018925357332,20.7116199047115,1751,"sydney"
"376",2021-03-01,"The Hills Shire",101.940520446097,17.7397769516729,69,"sydney"
"377",2021-03-01,"Warringah",159.732050333087,10.8630643967432,218,"sydney"
"378",2021-03-01,"Waverley",153.638015717092,11.0707269155206,496,"sydney"
"379",2021-03-01,"Willoughby",123.960648148148,12.2083333333333,59,"sydney"
"380",2021-03-01,"Woollahra",153.3856152513,11.6351819757366,134,"sydney"
"381",2021-04-01,"Ashfield",106.91393442623,10.3073770491803,58,"sydney"
"382",2021-04-01,"Auburn",116.814606741573,17.5084269662921,217,"sydney"
"383",2021-04-01,"Bankstown",87.9678714859438,11.4618473895582,97,"sydney"
"384",2021-04-01,"Blacktown",79.6679104477612,12.0111940298507,103,"sydney"
"385",2021-04-01,"Botany Bay",100.066666666667,13.1931623931624,143,"sydney"
"386",2021-04-01,"Burwood",95.4311111111111,9.77333333333333,83,"sydney"
"387",2021-04-01,"Camden",102.795918367347,18.7959183673469,41,"sydney"
"388",2021-04-01,"Campbelltown",114.156862745098,15.3823529411765,47,"sydney"
"389",2021-04-01,"Canada Bay",123.434659090909,10.5965909090909,125,"sydney"
"390",2021-04-01,"Canterbury",88.7836990595611,9.63636363636364,72,"sydney"
"391",2021-04-01,"City Of Kogarah",88.8594594594595,13.9405405405405,62,"sydney"
"392",2021-04-01,"Fairfield",88.6292134831461,21.1910112359551,85,"sydney"
"393",2021-04-01,"Holroyd",82.1923076923077,10.5,24,"sydney"
"394",2021-04-01,"Hornsby",111.429319371728,20.7539267015707,274,"sydney"
"395",2021-04-01,"Hunters Hill",149.634146341463,16.6585365853659,8,"sydney"
"396",2021-04-01,"Hurstville",95.7087912087912,10.5714285714286,47,"sydney"
"397",2021-04-01,"Ku-Ring-Gai",126.189090909091,14.0763636363636,98,"sydney"
"398",2021-04-01,"Lane Cove",115.780172413793,15.8620689655172,81,"sydney"
"399",2021-04-01,"Leichhardt",157.67816091954,20.6551724137931,270,"sydney"
"400",2021-04-01,"Liverpool",111.28813559322,15.4067796610169,66,"sydney"
"401",2021-04-01,"Manly",179.693535514765,13.5003990422985,565,"sydney"
"402",2021-04-01,"Marrickville",106.278504672897,15.2018691588785,370,"sydney"
"403",2021-04-01,"Mosman",170.127795527157,19.2108626198083,119,"sydney"
"404",2021-04-01,"North Sydney",143.902394106814,15.9576427255985,583,"sydney"
"405",2021-04-01,"Parramatta",104.029354207436,12.2759295499022,214,"sydney"
"406",2021-04-01,"Penrith",134.993670886076,26.5189873417722,209,"sydney"
"407",2021-04-01,"Pittwater",212.028813559322,36.2661016949153,789,"sydney"
"408",2021-04-01,"Randwick",127.732007233273,9.05895117540687,567,"sydney"
"409",2021-04-01,"Rockdale",98.3543209876543,13.2901234567901,273,"sydney"
"410",2021-04-01,"Ryde",96.485347985348,11.5531135531136,236,"sydney"
"411",2021-04-01,"Strathfield",88.1627906976744,14.1104651162791,85,"sydney"
"412",2021-04-01,"Sutherland Shire",149.676674364896,30.0392609699769,507,"sydney"
"413",2021-04-01,"Sydney",135.98379254457,20.937736358725,3630,"sydney"
"414",2021-04-01,"The Hills Shire",98.7976653696498,17.2101167315175,148,"sydney"
"415",2021-04-01,"Warringah",161.079305135952,11.2129909365559,393,"sydney"
"416",2021-04-01,"Waverley",152.596910812157,10.9262580966617,1009,"sydney"
"417",2021-04-01,"Willoughby",123.934272300469,11.6596244131455,119,"sydney"
"418",2021-04-01,"Woollahra",153.495860165593,11.8555657773689,318,"sydney"
