"","months","neighbourhood_cleansed","price"
"1",2020-05-01,"ALBANY",174.904761904762
"2",2020-06-01,"ALBANY",174.952380952381
"3",2020-10-01,"ALBANY",180.899665551839
"4",2020-11-01,"ALBANY",182.177993527508
"5",2020-12-01,"ALBANY",216.059210526316
"6",2021-01-01,"ALBANY",206.660256410256
"7",2021-02-01,"ALBANY",200.790476190476
"8",2021-03-01,"ALBANY",197.076923076923
"9",2021-04-01,"ALBANY",180.518518518519
"10",2020-05-01,"ARMADALE",89.8791208791209
"11",2020-06-01,"ARMADALE",89.3406593406593
"12",2020-10-01,"ARMADALE",96.32
"13",2020-11-01,"ARMADALE",97.7945205479452
"14",2020-12-01,"ARMADALE",107.25
"15",2021-01-01,"ARMADALE",104.782608695652
"16",2021-02-01,"ARMADALE",105.970149253731
"17",2021-03-01,"ARMADALE",105.84126984127
"18",2021-04-01,"ARMADALE",113.2
"19",2020-05-01,"ASHBURTON",200
"20",2020-06-01,"ASHBURTON",190
"21",2020-12-01,"ASHBURTON",178.333333333333
"22",2021-01-01,"ASHBURTON",178.333333333333
"23",2021-02-01,"ASHBURTON",178.333333333333
"24",2021-03-01,"ASHBURTON",178.333333333333
"25",2020-05-01,"AUGUSTA-MARGARET RIVER",212.717948717949
"26",2020-06-01,"AUGUSTA-MARGARET RIVER",212.6
"27",2020-10-01,"AUGUSTA-MARGARET RIVER",224.162011173184
"28",2020-11-01,"AUGUSTA-MARGARET RIVER",222.78463648834
"29",2020-12-01,"AUGUSTA-MARGARET RIVER",242.682108626198
"30",2021-01-01,"AUGUSTA-MARGARET RIVER",236.534361851332
"31",2021-02-01,"AUGUSTA-MARGARET RIVER",234.354794520548
"32",2021-03-01,"AUGUSTA-MARGARET RIVER",230.045588235294
"33",2021-04-01,"AUGUSTA-MARGARET RIVER",195.666666666667
"34",2020-05-01,"BASSENDEAN",79.6969696969697
"35",2020-06-01,"BASSENDEAN",79.6060606060606
"36",2020-10-01,"BASSENDEAN",81.448275862069
"37",2020-11-01,"BASSENDEAN",83.2758620689655
"38",2020-12-01,"BASSENDEAN",95.3793103448276
"39",2021-01-01,"BASSENDEAN",86
"40",2021-02-01,"BASSENDEAN",86
"41",2021-03-01,"BASSENDEAN",86.7857142857143
"42",2020-05-01,"BAYSWATER",89.9917355371901
"43",2020-06-01,"BAYSWATER",88.0327868852459
"44",2020-10-01,"BAYSWATER",89.4797687861272
"45",2020-11-01,"BAYSWATER",93.5505617977528
"46",2020-12-01,"BAYSWATER",105.977272727273
"47",2021-01-01,"BAYSWATER",98.6959064327485
"48",2021-02-01,"BAYSWATER",97.5714285714286
"49",2021-03-01,"BAYSWATER",93.0596026490066
"50",2021-04-01,"BAYSWATER",139.666666666667
"51",2020-05-01,"BELMONT",93.8639240506329
"52",2020-06-01,"BELMONT",94.3343653250774
"53",2020-10-01,"BELMONT",100.731404958678
"54",2020-11-01,"BELMONT",103.553278688525
"55",2020-12-01,"BELMONT",113.417021276596
"56",2021-01-01,"BELMONT",118.330434782609
"57",2021-02-01,"BELMONT",119.466367713004
"58",2021-03-01,"BELMONT",123.086124401914
"59",2021-04-01,"BELMONT",87.5
"60",2020-05-01,"BEVERLEY",143.833333333333
"61",2020-06-01,"BEVERLEY",128
"62",2020-10-01,"BEVERLEY",140
"63",2020-11-01,"BEVERLEY",150
"64",2020-12-01,"BEVERLEY",157
"65",2021-01-01,"BEVERLEY",156
"66",2021-02-01,"BEVERLEY",157
"67",2021-03-01,"BEVERLEY",157
"68",2020-05-01,"BODDINGTON",83
"69",2020-06-01,"BODDINGTON",76.6666666666667
"70",2020-10-01,"BODDINGTON",114
"71",2020-11-01,"BODDINGTON",114
"72",2020-12-01,"BODDINGTON",116
"73",2021-01-01,"BODDINGTON",96.3333333333333
"74",2021-02-01,"BODDINGTON",98
"75",2021-03-01,"BODDINGTON",99.6666666666667
"76",2020-05-01,"BOYUP BROOK",208.5
"77",2020-06-01,"BOYUP BROOK",207.5
"78",2020-10-01,"BOYUP BROOK",191.5
"79",2020-11-01,"BOYUP BROOK",191.5
"80",2020-12-01,"BOYUP BROOK",191
"81",2021-01-01,"BOYUP BROOK",175
"82",2021-02-01,"BOYUP BROOK",185
"83",2021-03-01,"BOYUP BROOK",185
"84",2020-05-01,"BRIDGETOWN-GREENBUSHES",158.444444444444
"85",2020-06-01,"BRIDGETOWN-GREENBUSHES",154.21568627451
"86",2020-10-01,"BRIDGETOWN-GREENBUSHES",166.387755102041
"87",2020-11-01,"BRIDGETOWN-GREENBUSHES",173.88
"88",2020-12-01,"BRIDGETOWN-GREENBUSHES",173.745098039216
"89",2021-01-01,"BRIDGETOWN-GREENBUSHES",172.769230769231
"90",2021-02-01,"BRIDGETOWN-GREENBUSHES",171.48
"91",2021-03-01,"BRIDGETOWN-GREENBUSHES",169.191489361702
"92",2021-04-01,"BRIDGETOWN-GREENBUSHES",198
"93",2020-05-01,"BROOME",206.420454545455
"94",2020-06-01,"BROOME",205.10303030303
"95",2020-10-01,"BROOME",130.75
"96",2020-11-01,"BROOME",129.916666666667
"97",2020-12-01,"BROOME",222.978723404255
"98",2021-01-01,"BROOME",218.107382550336
"99",2021-02-01,"BROOME",219.6
"100",2021-03-01,"BROOME",227.832061068702
"101",2021-04-01,"BROOME",145.666666666667
"102",2020-10-01,"BROOMEHILL-TAMBELLUP",120
"103",2020-11-01,"BROOMEHILL-TAMBELLUP",120
"104",2020-12-01,"BROOMEHILL-TAMBELLUP",120
"105",2021-01-01,"BROOMEHILL-TAMBELLUP",120
"106",2021-02-01,"BROOMEHILL-TAMBELLUP",120
"107",2021-03-01,"BROOMEHILL-TAMBELLUP",120
"108",2020-05-01,"BRUCE ROCK",200
"109",2020-06-01,"BRUCE ROCK",200
"110",2020-05-01,"BUNBURY",113.166666666667
"111",2020-06-01,"BUNBURY",110.480916030534
"112",2020-10-01,"BUNBURY",130.910714285714
"113",2020-11-01,"BUNBURY",139.347826086957
"114",2020-12-01,"BUNBURY",152.940677966102
"115",2021-01-01,"BUNBURY",144.76724137931
"116",2021-02-01,"BUNBURY",139.941176470588
"117",2021-03-01,"BUNBURY",140.836363636364
"118",2021-04-01,"BUNBURY",116.5
"119",2020-05-01,"BUSSELTON",225.775337837838
"120",2020-06-01,"BUSSELTON",227.895046179681
"121",2020-10-01,"BUSSELTON",239.923076923077
"122",2020-11-01,"BUSSELTON",244.284268629255
"123",2020-12-01,"BUSSELTON",276.693757361602
"124",2021-01-01,"BUSSELTON",266.410032715376
"125",2021-02-01,"BUSSELTON",261.794117647059
"126",2021-03-01,"BUSSELTON",251.335282651072
"127",2021-04-01,"BUSSELTON",217.2
"128",2020-05-01,"CAMBRIDGE",124.886363636364
"129",2020-06-01,"CAMBRIDGE",123.443609022556
"130",2020-10-01,"CAMBRIDGE",101.048192771084
"131",2020-11-01,"CAMBRIDGE",100.494382022472
"132",2020-12-01,"CAMBRIDGE",112.060240963855
"133",2021-01-01,"CAMBRIDGE",107.621951219512
"134",2021-02-01,"CAMBRIDGE",104.670731707317
"135",2021-03-01,"CAMBRIDGE",110.666666666667
"136",2021-04-01,"CAMBRIDGE",78.3333333333333
"137",2020-05-01,"CANNING",77.505376344086
"138",2020-06-01,"CANNING",74.456204379562
"139",2020-10-01,"CANNING",82.9148936170213
"140",2020-11-01,"CANNING",83.2169312169312
"141",2020-12-01,"CANNING",85.6102564102564
"142",2021-01-01,"CANNING",85.0362694300518
"143",2021-02-01,"CANNING",86.4491978609626
"144",2021-03-01,"CANNING",88.5879120879121
"145",2021-04-01,"CANNING",69.125
"146",2020-05-01,"CAPEL",182.486111111111
"147",2020-06-01,"CAPEL",182.140845070423
"148",2020-10-01,"CAPEL",190.983870967742
"149",2020-11-01,"CAPEL",190.59375
"150",2020-12-01,"CAPEL",204.322580645161
"151",2021-01-01,"CAPEL",196.878787878788
"152",2021-02-01,"CAPEL",195.720588235294
"153",2021-03-01,"CAPEL",189.4375
"154",2021-04-01,"CAPEL",253.666666666667
"155",2020-10-01,"CARNAMAH",180
"156",2020-11-01,"CARNAMAH",180
"157",2020-12-01,"CARNAMAH",180
"158",2021-01-01,"CARNAMAH",197
"159",2021-02-01,"CARNAMAH",182
"160",2021-03-01,"CARNAMAH",180
"161",2020-05-01,"CARNARVON",205.470588235294
"162",2020-06-01,"CARNARVON",205.764705882353
"163",2020-12-01,"CARNARVON",123
"164",2021-01-01,"CARNARVON",120
"165",2021-02-01,"CARNARVON",155
"166",2021-03-01,"CARNARVON",155
"167",2020-05-01,"CHAPMAN VALLEY",210
"168",2020-06-01,"CHAPMAN VALLEY",210
"169",2020-11-01,"CHAPMAN VALLEY",156.333333333333
"170",2020-12-01,"CHAPMAN VALLEY",166.75
"171",2021-01-01,"CHAPMAN VALLEY",152.5
"172",2021-02-01,"CHAPMAN VALLEY",153.25
"173",2021-03-01,"CHAPMAN VALLEY",190.5
"174",2020-05-01,"CHITTERING",156.88
"175",2020-06-01,"CHITTERING",151.521739130435
"176",2020-10-01,"CHITTERING",177.04
"177",2020-11-01,"CHITTERING",173.708333333333
"178",2020-12-01,"CHITTERING",176.56
"179",2021-01-01,"CHITTERING",183.083333333333
"180",2021-02-01,"CHITTERING",186
"181",2021-03-01,"CHITTERING",196.045454545455
"182",2021-04-01,"CHITTERING",128
"183",2020-05-01,"CLAREMONT",138.525423728814
"184",2020-06-01,"CLAREMONT",138.210526315789
"185",2020-10-01,"CLAREMONT",129.72972972973
"186",2020-11-01,"CLAREMONT",130.263157894737
"187",2020-12-01,"CLAREMONT",138.675675675676
"188",2021-01-01,"CLAREMONT",142.297297297297
"189",2021-02-01,"CLAREMONT",132.111111111111
"190",2021-03-01,"CLAREMONT",135.885714285714
"191",2020-05-01,"COCKBURN",99.075
"192",2020-06-01,"COCKBURN",98.39
"193",2020-10-01,"COCKBURN",98.2967741935484
"194",2020-11-01,"COCKBURN",99.0320512820513
"195",2020-12-01,"COCKBURN",101.974522292994
"196",2021-01-01,"COCKBURN",101.737179487179
"197",2021-02-01,"COCKBURN",102.709677419355
"198",2021-03-01,"COCKBURN",103.148387096774
"199",2021-04-01,"COCKBURN",125.142857142857
"200",2020-05-01,"COLLIE",119.5
"201",2020-06-01,"COLLIE",119.785714285714
"202",2020-10-01,"COLLIE",129.0625
"203",2020-11-01,"COLLIE",129.375
"204",2020-12-01,"COLLIE",129.5625
"205",2021-01-01,"COLLIE",127.333333333333
"206",2021-02-01,"COLLIE",127
"207",2021-03-01,"COLLIE",129.263157894737
"208",2020-05-01,"COOLGARDIE",115.5
"209",2020-06-01,"COOLGARDIE",115.5
"210",2020-05-01,"COOROW",185.777777777778
"211",2020-06-01,"COOROW",182.473684210526
"212",2020-10-01,"COOROW",187.842105263158
"213",2020-11-01,"COOROW",191.578947368421
"214",2020-12-01,"COOROW",206.210526315789
"215",2021-01-01,"COOROW",197.842105263158
"216",2021-02-01,"COOROW",194.315789473684
"217",2021-03-01,"COOROW",187.588235294118
"218",2021-04-01,"COOROW",180
"219",2020-05-01,"CORRIGIN",130.5
"220",2020-06-01,"CORRIGIN",150
"221",2020-10-01,"CORRIGIN",40
"222",2020-11-01,"CORRIGIN",50
"223",2020-12-01,"CORRIGIN",50
"224",2021-01-01,"CORRIGIN",50
"225",2021-02-01,"CORRIGIN",50
"226",2021-03-01,"CORRIGIN",50
"227",2020-05-01,"COTTESLOE",176.88198757764
"228",2020-06-01,"COTTESLOE",179.233333333333
"229",2020-10-01,"COTTESLOE",187.515151515152
"230",2020-11-01,"COTTESLOE",191.126213592233
"231",2020-12-01,"COTTESLOE",216.39175257732
"232",2021-01-01,"COTTESLOE",206.901960784314
"233",2021-02-01,"COTTESLOE",204.971962616822
"234",2021-03-01,"COTTESLOE",207.701030927835
"235",2021-04-01,"COTTESLOE",148.285714285714
"236",2020-05-01,"CRANBROOK",148.666666666667
"237",2020-06-01,"CRANBROOK",102
"238",2020-10-01,"CRANBROOK",140.5
"239",2020-11-01,"CRANBROOK",138
"240",2020-12-01,"CRANBROOK",130
"241",2021-01-01,"CRANBROOK",138
"242",2021-02-01,"CRANBROOK",140.5
"243",2021-03-01,"CRANBROOK",97
"244",2021-04-01,"CRANBROOK",175
"245",2020-05-01,"CUBALLING",154.6
"246",2020-06-01,"CUBALLING",154
"247",2020-10-01,"CUBALLING",154
"248",2020-11-01,"CUBALLING",154
"249",2020-12-01,"CUBALLING",154
"250",2021-01-01,"CUBALLING",174
"251",2021-02-01,"CUBALLING",174
"252",2021-03-01,"CUBALLING",174
"253",2020-05-01,"CUE",56.7142857142857
"254",2020-06-01,"CUE",55.7142857142857
"255",2020-10-01,"CUE",60.4166666666667
"256",2020-11-01,"CUE",60.4166666666667
"257",2020-12-01,"CUE",57.6923076923077
"258",2021-01-01,"CUE",57.6923076923077
"259",2021-02-01,"CUE",63.4615384615385
"260",2021-03-01,"CUE",63.4615384615385
"261",2020-05-01,"CUNDERDIN",93
"262",2020-06-01,"CUNDERDIN",93.3333333333333
"263",2020-05-01,"DANDARAGAN",175.540540540541
"264",2020-06-01,"DANDARAGAN",176.178571428571
"265",2020-10-01,"DANDARAGAN",174.18487394958
"266",2020-11-01,"DANDARAGAN",176.00826446281
"267",2020-12-01,"DANDARAGAN",194.769841269841
"268",2021-01-01,"DANDARAGAN",186.380165289256
"269",2021-02-01,"DANDARAGAN",178.154471544715
"270",2021-03-01,"DANDARAGAN",173.434782608696
"271",2021-04-01,"DANDARAGAN",188.666666666667
"272",2020-05-01,"DARDANUP",173.1875
"273",2020-06-01,"DARDANUP",172.9375
"274",2020-10-01,"DARDANUP",205.75
"275",2020-11-01,"DARDANUP",212
"276",2020-12-01,"DARDANUP",200.4
"277",2021-01-01,"DARDANUP",206.818181818182
"278",2021-02-01,"DARDANUP",207.909090909091
"279",2021-03-01,"DARDANUP",208.916666666667
"280",2020-05-01,"DENMARK",190.18085106383
"281",2020-06-01,"DENMARK",191.489247311828
"282",2020-10-01,"DENMARK",200.308571428571
"283",2020-11-01,"DENMARK",203.155172413793
"284",2020-12-01,"DENMARK",218.692737430168
"285",2021-01-01,"DENMARK",218.277777777778
"286",2021-02-01,"DENMARK",210.781420765027
"287",2021-03-01,"DENMARK",209.296703296703
"288",2021-04-01,"DENMARK",190.714285714286
"289",2020-05-01,"DERBY-WEST KIMBERLEY",150
"290",2020-06-01,"DERBY-WEST KIMBERLEY",149
"291",2020-05-01,"DONNYBROOK-BALINGUP",164.970588235294
"292",2020-06-01,"DONNYBROOK-BALINGUP",163.157142857143
"293",2020-10-01,"DONNYBROOK-BALINGUP",181.931034482759
"294",2020-11-01,"DONNYBROOK-BALINGUP",182.241379310345
"295",2020-12-01,"DONNYBROOK-BALINGUP",181.85
"296",2021-01-01,"DONNYBROOK-BALINGUP",183.64406779661
"297",2021-02-01,"DONNYBROOK-BALINGUP",180.967213114754
"298",2021-03-01,"DONNYBROOK-BALINGUP",181.816666666667
"299",2021-04-01,"DONNYBROOK-BALINGUP",129
"300",2020-05-01,"DOWERIN",50
"301",2020-06-01,"DOWERIN",50
"302",2020-05-01,"DUMBLEYUNG",94.6428571428571
"303",2020-06-01,"DUMBLEYUNG",93.8571428571429
"304",2020-10-01,"DUMBLEYUNG",83.8461538461538
"305",2020-11-01,"DUMBLEYUNG",83.8461538461538
"306",2020-12-01,"DUMBLEYUNG",83.8461538461538
"307",2021-01-01,"DUMBLEYUNG",83.8461538461538
"308",2021-02-01,"DUMBLEYUNG",83.8461538461538
"309",2021-03-01,"DUMBLEYUNG",83.8461538461538
"310",2020-05-01,"DUNDAS",160
"311",2020-06-01,"DUNDAS",160
"312",2020-12-01,"DUNDAS",160
"313",2021-01-01,"DUNDAS",160
"314",2021-02-01,"DUNDAS",160
"315",2021-03-01,"DUNDAS",160
"316",2020-05-01,"EAST FREMANTLE",128.911392405063
"317",2020-06-01,"EAST FREMANTLE",131.220779220779
"318",2020-10-01,"EAST FREMANTLE",131.777777777778
"319",2020-11-01,"EAST FREMANTLE",133
"320",2020-12-01,"EAST FREMANTLE",151.057692307692
"321",2021-01-01,"EAST FREMANTLE",142.673076923077
"322",2021-02-01,"EAST FREMANTLE",142.333333333333
"323",2021-03-01,"EAST FREMANTLE",145.431818181818
"324",2021-04-01,"EAST FREMANTLE",102.5
"325",2020-05-01,"EAST PILBARA",90.7142857142857
"326",2020-06-01,"EAST PILBARA",91.1428571428571
"327",2020-12-01,"EAST PILBARA",126.666666666667
"328",2021-01-01,"EAST PILBARA",125
"329",2021-02-01,"EAST PILBARA",120.888888888889
"330",2021-03-01,"EAST PILBARA",120.777777777778
"331",2020-05-01,"ESPERANCE",176.165413533835
"332",2020-06-01,"ESPERANCE",176.783582089552
"333",2020-10-01,"ESPERANCE",102.75
"334",2020-11-01,"ESPERANCE",115.538461538462
"335",2020-12-01,"ESPERANCE",215.14598540146
"336",2021-01-01,"ESPERANCE",219.436090225564
"337",2021-02-01,"ESPERANCE",201.614173228346
"338",2021-03-01,"ESPERANCE",205.98275862069
"339",2021-04-01,"ESPERANCE",196.727272727273
"340",2020-05-01,"EXMOUTH",220.742647058824
"341",2020-06-01,"EXMOUTH",218.481751824818
"342",2020-10-01,"EXMOUTH",166.461538461538
"343",2020-11-01,"EXMOUTH",164.125
"344",2020-12-01,"EXMOUTH",234.112
"345",2021-01-01,"EXMOUTH",235.703125
"346",2021-02-01,"EXMOUTH",264.945945945946
"347",2021-03-01,"EXMOUTH",248.8
"348",2021-04-01,"EXMOUTH",185
"349",2020-05-01,"FREMANTLE",133.727564102564
"350",2020-06-01,"FREMANTLE",132.74025974026
"351",2020-10-01,"FREMANTLE",132.263713080169
"352",2020-11-01,"FREMANTLE",134.876543209877
"353",2020-12-01,"FREMANTLE",151.420944558522
"354",2021-01-01,"FREMANTLE",145.430020283976
"355",2021-02-01,"FREMANTLE",142.162271805274
"356",2021-03-01,"FREMANTLE",143.210407239819
"357",2021-04-01,"FREMANTLE",126.923076923077
"358",2020-05-01,"GINGIN",219.966850828729
"359",2020-06-01,"GINGIN",223.043010752688
"360",2020-10-01,"GINGIN",210.554621848739
"361",2020-11-01,"GINGIN",212.371900826446
"362",2020-12-01,"GINGIN",243.841530054645
"363",2021-01-01,"GINGIN",244.393258426966
"364",2021-02-01,"GINGIN",240.48128342246
"365",2021-03-01,"GINGIN",240.899441340782
"366",2021-04-01,"GINGIN",193.8
"367",2020-05-01,"GNOWANGERUP",132.333333333333
"368",2020-06-01,"GNOWANGERUP",127.333333333333
"369",2020-10-01,"GNOWANGERUP",129.285714285714
"370",2020-11-01,"GNOWANGERUP",127.375
"371",2020-12-01,"GNOWANGERUP",145.875
"372",2021-01-01,"GNOWANGERUP",141.875
"373",2021-02-01,"GNOWANGERUP",145
"374",2021-03-01,"GNOWANGERUP",146.25
"375",2020-05-01,"GOOMALLING",130
"376",2020-06-01,"GOOMALLING",130
"377",2020-10-01,"GOOMALLING",130
"378",2020-11-01,"GOOMALLING",130
"379",2020-12-01,"GOOMALLING",130
"380",2021-01-01,"GOOMALLING",130
"381",2021-02-01,"GOOMALLING",130
"382",2021-03-01,"GOOMALLING",130
"383",2020-05-01,"GOSNELLS",82.8323699421965
"384",2020-06-01,"GOSNELLS",82.2307692307692
"385",2020-10-01,"GOSNELLS",85.4222222222222
"386",2020-11-01,"GOSNELLS",86.1884057971015
"387",2020-12-01,"GOSNELLS",88.3731343283582
"388",2021-01-01,"GOSNELLS",83.6277372262774
"389",2021-02-01,"GOSNELLS",87.0923076923077
"390",2021-03-01,"GOSNELLS",88.8
"391",2021-04-01,"GOSNELLS",81
"392",2020-05-01,"GREATER GERALDTON",112.416149068323
"393",2020-06-01,"GREATER GERALDTON",112.943037974684
"394",2020-10-01,"GREATER GERALDTON",69.5
"395",2020-11-01,"GREATER GERALDTON",116.081081081081
"396",2020-12-01,"GREATER GERALDTON",126.034482758621
"397",2021-01-01,"GREATER GERALDTON",121.592857142857
"398",2021-02-01,"GREATER GERALDTON",119.148936170213
"399",2021-03-01,"GREATER GERALDTON",119.111111111111
"400",2021-04-01,"GREATER GERALDTON",130.083333333333
"401",2020-05-01,"HARVEY",179.984126984127
"402",2020-06-01,"HARVEY",175.15873015873
"403",2020-10-01,"HARVEY",176.694915254237
"404",2020-11-01,"HARVEY",180.606557377049
"405",2020-12-01,"HARVEY",207.581818181818
"406",2021-01-01,"HARVEY",203.4
"407",2021-02-01,"HARVEY",189.254545454545
"408",2021-03-01,"HARVEY",182.196721311475
"409",2021-04-01,"HARVEY",120
"410",2020-05-01,"IRWIN",148.054054054054
"411",2020-06-01,"IRWIN",149.194444444444
"412",2020-10-01,"IRWIN",106.727272727273
"413",2020-11-01,"IRWIN",123.375
"414",2020-12-01,"IRWIN",129.777777777778
"415",2021-01-01,"IRWIN",126
"416",2021-02-01,"IRWIN",123.166666666667
"417",2021-03-01,"IRWIN",126.166666666667
"418",2020-05-01,"JERRAMUNGUP",158.793103448276
"419",2020-06-01,"JERRAMUNGUP",158.793103448276
"420",2020-10-01,"JERRAMUNGUP",173
"421",2020-11-01,"JERRAMUNGUP",173
"422",2020-12-01,"JERRAMUNGUP",173
"423",2021-01-01,"JERRAMUNGUP",173
"424",2021-02-01,"JERRAMUNGUP",173
"425",2021-03-01,"JERRAMUNGUP",173
"426",2020-05-01,"JOONDALUP",119.299727520436
"427",2020-06-01,"JOONDALUP",118.908847184987
"428",2020-10-01,"JOONDALUP",115.56
"429",2020-11-01,"JOONDALUP",116.996655518395
"430",2020-12-01,"JOONDALUP",122.555172413793
"431",2021-01-01,"JOONDALUP",117.076923076923
"432",2021-02-01,"JOONDALUP",118.580756013746
"433",2021-03-01,"JOONDALUP",117.434782608696
"434",2021-04-01,"JOONDALUP",90.3
"435",2020-05-01,"KALAMUNDA",100.987951807229
"436",2020-06-01,"KALAMUNDA",103.228915662651
"437",2020-10-01,"KALAMUNDA",112.138461538462
"438",2020-11-01,"KALAMUNDA",110.014705882353
"439",2020-12-01,"KALAMUNDA",123.166666666667
"440",2021-01-01,"KALAMUNDA",119.787878787879
"441",2021-02-01,"KALAMUNDA",115.301587301587
"442",2021-03-01,"KALAMUNDA",115.877192982456
"443",2021-04-01,"KALAMUNDA",102.75
"444",2020-05-01,"KALGOORLIE-BOULDER",134.764705882353
"445",2020-06-01,"KALGOORLIE-BOULDER",137.8
"446",2020-12-01,"KALGOORLIE-BOULDER",140.148148148148
"447",2021-01-01,"KALGOORLIE-BOULDER",140
"448",2021-02-01,"KALGOORLIE-BOULDER",141.288461538462
"449",2021-03-01,"KALGOORLIE-BOULDER",140.88
"450",2021-04-01,"KALGOORLIE-BOULDER",175
"451",2020-05-01,"KARRATHA",150.75
"452",2020-06-01,"KARRATHA",150.5
"453",2020-12-01,"KARRATHA",137.5
"454",2021-01-01,"KARRATHA",137.5
"455",2021-02-01,"KARRATHA",137.5
"456",2021-03-01,"KARRATHA",140
"457",2020-05-01,"KATANNING",134.285714285714
"458",2020-06-01,"KATANNING",134.142857142857
"459",2020-10-01,"KATANNING",137.25
"460",2020-11-01,"KATANNING",141
"461",2020-12-01,"KATANNING",142.125
"462",2021-01-01,"KATANNING",138.666666666667
"463",2021-02-01,"KATANNING",139.555555555556
"464",2021-03-01,"KATANNING",139.777777777778
"465",2020-05-01,"KELLERBERRIN",106
"466",2020-06-01,"KELLERBERRIN",104
"467",2020-05-01,"KOJONUP",147.833333333333
"468",2020-06-01,"KOJONUP",155.444444444444
"469",2020-10-01,"KOJONUP",135.555555555556
"470",2020-11-01,"KOJONUP",137.777777777778
"471",2020-12-01,"KOJONUP",138.111111111111
"472",2021-01-01,"KOJONUP",137.777777777778
"473",2021-02-01,"KOJONUP",135.4
"474",2021-03-01,"KOJONUP",135.555555555556
"475",2021-04-01,"KOJONUP",150
"476",2020-05-01,"KONDININ",107.666666666667
"477",2020-06-01,"KONDININ",103.866666666667
"478",2020-10-01,"KONDININ",104.307692307692
"479",2020-11-01,"KONDININ",104.538461538462
"480",2020-12-01,"KONDININ",106.538461538462
"481",2021-01-01,"KONDININ",112.615384615385
"482",2021-02-01,"KONDININ",111.384615384615
"483",2021-03-01,"KONDININ",108.083333333333
"484",2021-04-01,"KONDININ",148
"485",2020-05-01,"KULIN",153
"486",2020-06-01,"KULIN",152
"487",2020-10-01,"KULIN",146.25
"488",2020-11-01,"KULIN",141
"489",2020-12-01,"KULIN",166.833333333333
"490",2021-01-01,"KULIN",146.666666666667
"491",2021-02-01,"KULIN",147
"492",2021-03-01,"KULIN",147
"493",2020-05-01,"KWINANA",66.6666666666667
"494",2020-06-01,"KWINANA",62.725
"495",2020-10-01,"KWINANA",64.2258064516129
"496",2020-11-01,"KWINANA",66.5172413793103
"497",2020-12-01,"KWINANA",68.6428571428571
"498",2021-01-01,"KWINANA",67.7931034482759
"499",2021-02-01,"KWINANA",66.8
"500",2021-03-01,"KWINANA",61.3333333333333
"501",2021-04-01,"KWINANA",261
"502",2020-05-01,"LAKE GRACE",129.75
"503",2020-06-01,"LAKE GRACE",131.333333333333
"504",2020-10-01,"LAKE GRACE",120.25
"505",2020-11-01,"LAKE GRACE",124
"506",2020-12-01,"LAKE GRACE",113.5
"507",2021-01-01,"LAKE GRACE",112.5
"508",2021-02-01,"LAKE GRACE",118
"509",2021-03-01,"LAKE GRACE",117.5
"510",2020-05-01,"LAVERTON",160
"511",2020-06-01,"LAVERTON",160
"512",2020-12-01,"LAVERTON",160
"513",2021-01-01,"LAVERTON",160
"514",2021-02-01,"LAVERTON",160
"515",2021-03-01,"LAVERTON",160
"516",2020-05-01,"MANDURAH",172.908212560386
"517",2020-06-01,"MANDURAH",174.33729216152
"518",2020-10-01,"MANDURAH",189.344827586207
"519",2020-11-01,"MANDURAH",192.005586592179
"520",2020-12-01,"MANDURAH",197.209373134328
"521",2021-01-01,"MANDURAH",198.199421965318
"522",2021-02-01,"MANDURAH",192.355742296919
"523",2021-03-01,"MANDURAH",192.781869688385
"524",2021-04-01,"MANDURAH",206.2
"525",2020-05-01,"MANJIMUP",177.252100840336
"526",2020-06-01,"MANJIMUP",177.275
"527",2020-10-01,"MANJIMUP",178.535714285714
"528",2020-11-01,"MANJIMUP",180.982300884956
"529",2020-12-01,"MANJIMUP",187.09649122807
"530",2021-01-01,"MANJIMUP",184.112068965517
"531",2021-02-01,"MANJIMUP",183.205128205128
"532",2021-03-01,"MANJIMUP",180.8125
"533",2021-04-01,"MANJIMUP",120
"534",2020-05-01,"MEEKATHARRA",70.7142857142857
"535",2020-06-01,"MEEKATHARRA",70.2857142857143
"536",2020-05-01,"MELVILLE",113.024221453287
"537",2020-06-01,"MELVILLE",112.339160839161
"538",2020-10-01,"MELVILLE",116.923076923077
"539",2020-11-01,"MELVILLE",119.295336787565
"540",2020-12-01,"MELVILLE",131.757731958763
"541",2021-01-01,"MELVILLE",125.314432989691
"542",2021-02-01,"MELVILLE",123.507772020725
"543",2021-03-01,"MELVILLE",119.911602209945
"544",2021-04-01,"MELVILLE",154.857142857143
"545",2020-06-01,"MENZIES",199
"546",2020-12-01,"MENZIES",199
"547",2021-01-01,"MENZIES",199
"548",2021-02-01,"MENZIES",199
"549",2021-03-01,"MENZIES",199
"550",2020-05-01,"MERREDIN",118.363636363636
"551",2020-06-01,"MERREDIN",116.772727272727
"552",2020-05-01,"MOORA",74.1428571428571
"553",2020-06-01,"MOORA",74
"554",2020-10-01,"MOORA",43.75
"555",2020-11-01,"MOORA",43.75
"556",2020-12-01,"MOORA",60.8333333333333
"557",2021-01-01,"MOORA",61.6666666666667
"558",2021-02-01,"MOORA",61.6666666666667
"559",2021-03-01,"MOORA",61.6666666666667
"560",2020-05-01,"MOSMAN PARK",113.860465116279
"561",2020-06-01,"MOSMAN PARK",113.340909090909
"562",2020-10-01,"MOSMAN PARK",104.396551724138
"563",2020-11-01,"MOSMAN PARK",105.431034482759
"564",2020-12-01,"MOSMAN PARK",127.127272727273
"565",2021-01-01,"MOSMAN PARK",121.25
"566",2021-02-01,"MOSMAN PARK",122.509433962264
"567",2021-03-01,"MOSMAN PARK",121.442307692308
"568",2021-04-01,"MOSMAN PARK",98
"569",2020-05-01,"MOUNT MARSHALL",120
"570",2020-06-01,"MOUNT MARSHALL",120
"571",2020-05-01,"MUKINBUDIN",16
"572",2020-06-01,"MUKINBUDIN",14
"573",2020-05-01,"MUNDARING",122.7625
"574",2020-06-01,"MUNDARING",125.911392405063
"575",2020-10-01,"MUNDARING",133.125
"576",2020-11-01,"MUNDARING",133.225352112676
"577",2020-12-01,"MUNDARING",145.314285714286
"578",2021-01-01,"MUNDARING",147.014285714286
"579",2021-02-01,"MUNDARING",145.376811594203
"580",2021-03-01,"MUNDARING",148.10447761194
"581",2021-04-01,"MUNDARING",159.5
"582",2020-05-01,"MURRAY",155.918918918919
"583",2020-06-01,"MURRAY",160.921739130435
"584",2020-10-01,"MURRAY",163.091743119266
"585",2020-11-01,"MURRAY",167.272727272727
"586",2020-12-01,"MURRAY",174.798076923077
"587",2021-01-01,"MURRAY",179.233333333333
"588",2021-02-01,"MURRAY",179.306818181818
"589",2021-03-01,"MURRAY",180.595505617978
"590",2021-04-01,"MURRAY",171
"591",2020-05-01,"NANNUP",168.561403508772
"592",2020-06-01,"NANNUP",165
"593",2020-10-01,"NANNUP",171.964912280702
"594",2020-11-01,"NANNUP",175.241379310345
"595",2020-12-01,"NANNUP",183.724137931034
"596",2021-01-01,"NANNUP",180.16393442623
"597",2021-02-01,"NANNUP",179.540983606557
"598",2021-03-01,"NANNUP",180.433333333333
"599",2020-05-01,"NAREMBEEN",130
"600",2020-06-01,"NAREMBEEN",130
"601",2020-05-01,"NARROGIN",120.25
"602",2020-06-01,"NARROGIN",119.461538461538
"603",2020-10-01,"NARROGIN",115.384615384615
"604",2020-11-01,"NARROGIN",114.923076923077
"605",2020-12-01,"NARROGIN",117.166666666667
"606",2021-01-01,"NARROGIN",116.666666666667
"607",2021-02-01,"NARROGIN",115.909090909091
"608",2021-03-01,"NARROGIN",115.909090909091
"609",2020-05-01,"NEDLANDS",151.7
"610",2020-06-01,"NEDLANDS",153.617283950617
"611",2020-10-01,"NEDLANDS",139.829787234043
"612",2020-11-01,"NEDLANDS",140.803571428571
"613",2020-12-01,"NEDLANDS",152.403846153846
"614",2021-01-01,"NEDLANDS",156.890909090909
"615",2021-02-01,"NEDLANDS",149.51724137931
"616",2021-03-01,"NEDLANDS",162.909090909091
"617",2021-04-01,"NEDLANDS",106
"618",2020-05-01,"NGAANYATJARRAKU",160
"619",2020-06-01,"NGAANYATJARRAKU",160
"620",2020-12-01,"NGAANYATJARRAKU",160
"621",2021-01-01,"NGAANYATJARRAKU",160
"622",2021-02-01,"NGAANYATJARRAKU",160
"623",2021-03-01,"NGAANYATJARRAKU",160
"624",2020-05-01,"NORTHAM",126.722222222222
"625",2020-06-01,"NORTHAM",126.722222222222
"626",2020-10-01,"NORTHAM",126.6
"627",2020-11-01,"NORTHAM",124.95
"628",2020-12-01,"NORTHAM",125.95
"629",2021-01-01,"NORTHAM",122.190476190476
"630",2021-02-01,"NORTHAM",124.227272727273
"631",2021-03-01,"NORTHAM",131.2
"632",2021-04-01,"NORTHAM",141
"633",2020-05-01,"NORTHAMPTON",151.831683168317
"634",2020-06-01,"NORTHAMPTON",151.227722772277
"635",2020-10-01,"NORTHAMPTON",130.333333333333
"636",2020-11-01,"NORTHAMPTON",167.315789473684
"637",2020-12-01,"NORTHAMPTON",181.948453608247
"638",2021-01-01,"NORTHAMPTON",173.929292929293
"639",2021-02-01,"NORTHAMPTON",169.29702970297
"640",2021-03-01,"NORTHAMPTON",175.272727272727
"641",2021-04-01,"NORTHAMPTON",149.666666666667
"642",2020-05-01,"NUNGARIN",95
"643",2020-06-01,"NUNGARIN",94
"644",2020-05-01,"PEPPERMINT GROVE",68.75
"645",2020-06-01,"PEPPERMINT GROVE",68.25
"646",2020-10-01,"PEPPERMINT GROVE",400
"647",2020-11-01,"PEPPERMINT GROVE",400
"648",2021-01-01,"PEPPERMINT GROVE",400
"649",2021-03-01,"PEPPERMINT GROVE",400
"650",2020-05-01,"PERENJORI",134
"651",2020-06-01,"PERENJORI",110
"652",2020-05-01,"PERTH",120.218406593407
"653",2020-06-01,"PERTH",119.935261707989
"654",2020-10-01,"PERTH",110.012612612613
"655",2020-11-01,"PERTH",115.557586837294
"656",2020-12-01,"PERTH",123.798181818182
"657",2021-01-01,"PERTH",121.357677902622
"658",2021-02-01,"PERTH",119.256983240223
"659",2021-03-01,"PERTH",120.5625
"660",2021-04-01,"PERTH",124.371428571429
"661",2020-05-01,"PINGELLY",79
"662",2020-06-01,"PINGELLY",80
"663",2020-10-01,"PINGELLY",90
"664",2020-11-01,"PINGELLY",90
"665",2020-12-01,"PINGELLY",90
"666",2021-01-01,"PINGELLY",90
"667",2021-02-01,"PINGELLY",90
"668",2021-03-01,"PINGELLY",100.5
"669",2020-05-01,"PLANTAGENET",153.285714285714
"670",2020-06-01,"PLANTAGENET",159.461538461538
"671",2020-10-01,"PLANTAGENET",160.793103448276
"672",2020-11-01,"PLANTAGENET",161.321428571429
"673",2020-12-01,"PLANTAGENET",163.75
"674",2021-01-01,"PLANTAGENET",164.571428571429
"675",2021-02-01,"PLANTAGENET",167.407407407407
"676",2021-03-01,"PLANTAGENET",170.481481481481
"677",2020-05-01,"PORT HEDLAND",91
"678",2020-06-01,"PORT HEDLAND",93.2
"679",2020-05-01,"QUAIRADING",110.666666666667
"680",2020-06-01,"QUAIRADING",110
"681",2020-05-01,"RAVENSTHORPE",164.35
"682",2020-06-01,"RAVENSTHORPE",164.85
"683",2020-10-01,"RAVENSTHORPE",150.166666666667
"684",2020-11-01,"RAVENSTHORPE",150.5
"685",2020-12-01,"RAVENSTHORPE",171.714285714286
"686",2021-01-01,"RAVENSTHORPE",168.25
"687",2021-02-01,"RAVENSTHORPE",156.428571428571
"688",2021-03-01,"RAVENSTHORPE",149.5
"689",2020-05-01,"ROCKINGHAM",122.282511210762
"690",2020-06-01,"ROCKINGHAM",122.544247787611
"691",2020-10-01,"ROCKINGHAM",138.016216216216
"692",2020-11-01,"ROCKINGHAM",138.828729281768
"693",2020-12-01,"ROCKINGHAM",145.467391304348
"694",2021-01-01,"ROCKINGHAM",138.861111111111
"695",2021-02-01,"ROCKINGHAM",138.43956043956
"696",2021-03-01,"ROCKINGHAM",132.66081871345
"697",2021-04-01,"ROCKINGHAM",175
"698",2020-05-01,"SANDSTONE",149
"699",2020-06-01,"SANDSTONE",149
"700",2020-05-01,"SERPENTINE-JARRAHDALE",128.189189189189
"701",2020-06-01,"SERPENTINE-JARRAHDALE",131.810810810811
"702",2020-10-01,"SERPENTINE-JARRAHDALE",123.838709677419
"703",2020-11-01,"SERPENTINE-JARRAHDALE",122.838709677419
"704",2020-12-01,"SERPENTINE-JARRAHDALE",122.225806451613
"705",2021-01-01,"SERPENTINE-JARRAHDALE",115.066666666667
"706",2021-02-01,"SERPENTINE-JARRAHDALE",118.193548387097
"707",2021-03-01,"SERPENTINE-JARRAHDALE",117.866666666667
"708",2021-04-01,"SERPENTINE-JARRAHDALE",155
"709",2020-05-01,"SHARK BAY",174.75
"710",2020-06-01,"SHARK BAY",168.7
"711",2020-10-01,"SHARK BAY",174.111111111111
"712",2020-11-01,"SHARK BAY",176.727272727273
"713",2020-12-01,"SHARK BAY",176.090909090909
"714",2021-01-01,"SHARK BAY",180.5
"715",2021-02-01,"SHARK BAY",178.25
"716",2021-03-01,"SHARK BAY",178.230769230769
"717",2020-05-01,"SOUTH PERTH",123.903614457831
"718",2020-06-01,"SOUTH PERTH",122.446280991736
"719",2020-10-01,"SOUTH PERTH",116.495
"720",2020-11-01,"SOUTH PERTH",119.210526315789
"721",2020-12-01,"SOUTH PERTH",127.128571428571
"722",2021-01-01,"SOUTH PERTH",126.296650717703
"723",2021-02-01,"SOUTH PERTH",124.78640776699
"724",2021-03-01,"SOUTH PERTH",126.061538461538
"725",2021-04-01,"SOUTH PERTH",146.3
"726",2020-05-01,"STIRLING",112.027166882277
"727",2020-06-01,"STIRLING",112.754037267081
"728",2020-10-01,"STIRLING",116.084403669725
"729",2020-11-01,"STIRLING",119.497287522604
"730",2020-12-01,"STIRLING",136.080882352941
"731",2021-01-01,"STIRLING",133.143656716418
"732",2021-02-01,"STIRLING",128.174484052533
"733",2021-03-01,"STIRLING",125.356299212598
"734",2021-04-01,"STIRLING",130.526315789474
"735",2020-05-01,"SUBIACO",128.887323943662
"736",2020-06-01,"SUBIACO",128.943925233645
"737",2020-10-01,"SUBIACO",123.025157232704
"738",2020-11-01,"SUBIACO",127.341772151899
"739",2020-12-01,"SUBIACO",135.918238993711
"740",2021-01-01,"SUBIACO",132.728395061728
"741",2021-02-01,"SUBIACO",134.62893081761
"742",2021-03-01,"SUBIACO",133.897260273973
"743",2021-04-01,"SUBIACO",132.833333333333
"744",2020-05-01,"SWAN",107.334862385321
"745",2020-06-01,"SWAN",106.828703703704
"746",2020-10-01,"SWAN",115.8375
"747",2020-11-01,"SWAN",115.947368421053
"748",2020-12-01,"SWAN",115.986666666667
"749",2021-01-01,"SWAN",117.02614379085
"750",2021-02-01,"SWAN",116.614379084967
"751",2021-03-01,"SWAN",119.335570469799
"752",2021-04-01,"SWAN",120
"753",2020-05-01,"TOODYAY",145.309523809524
"754",2020-06-01,"TOODYAY",145.853658536585
"755",2020-10-01,"TOODYAY",139.121212121212
"756",2020-11-01,"TOODYAY",141.882352941176
"757",2020-12-01,"TOODYAY",141.885714285714
"758",2021-01-01,"TOODYAY",142.878787878788
"759",2021-02-01,"TOODYAY",145.774193548387
"760",2021-03-01,"TOODYAY",149.5
"761",2020-05-01,"TRAYNING",95
"762",2020-06-01,"TRAYNING",94
"763",2020-05-01,"VICTORIA PARK",98.7946768060836
"764",2020-06-01,"VICTORIA PARK",96.7125984251968
"765",2020-10-01,"VICTORIA PARK",95.5490196078431
"766",2020-11-01,"VICTORIA PARK",96.1610738255034
"767",2020-12-01,"VICTORIA PARK",104.225165562914
"768",2021-01-01,"VICTORIA PARK",102.745098039216
"769",2021-02-01,"VICTORIA PARK",101.80985915493
"770",2021-03-01,"VICTORIA PARK",99.3082706766917
"771",2021-04-01,"VICTORIA PARK",132
"772",2020-05-01,"VINCENT",106.776595744681
"773",2020-06-01,"VINCENT",105.97311827957
"774",2020-10-01,"VINCENT",109.348178137652
"775",2020-11-01,"VINCENT",111.562248995984
"776",2020-12-01,"VINCENT",121.252066115702
"777",2021-01-01,"VINCENT",116.644628099174
"778",2021-02-01,"VINCENT",116.794871794872
"779",2021-03-01,"VINCENT",116.200913242009
"780",2021-04-01,"VINCENT",99.304347826087
"781",2020-05-01,"WAGIN",100.142857142857
"782",2020-06-01,"WAGIN",103.166666666667
"783",2020-10-01,"WAGIN",93
"784",2020-11-01,"WAGIN",93.3333333333333
"785",2020-12-01,"WAGIN",99.5
"786",2021-01-01,"WAGIN",98.5
"787",2021-02-01,"WAGIN",99
"788",2021-03-01,"WAGIN",92
"789",2021-04-01,"WAGIN",97
"790",2020-05-01,"WANDERING",142
"791",2020-06-01,"WANDERING",141.333333333333
"792",2020-10-01,"WANDERING",147
"793",2020-11-01,"WANDERING",147
"794",2020-12-01,"WANDERING",147
"795",2021-01-01,"WANDERING",147
"796",2021-02-01,"WANDERING",147
"797",2021-03-01,"WANDERING",151.666666666667
"798",2020-05-01,"WANNEROO",113.368029739777
"799",2020-06-01,"WANNEROO",114.349442379182
"800",2020-10-01,"WANNEROO",117.551724137931
"801",2020-11-01,"WANNEROO",117.07960199005
"802",2020-12-01,"WANNEROO",127.691176470588
"803",2021-01-01,"WANNEROO",125.975369458128
"804",2021-02-01,"WANNEROO",123.379487179487
"805",2021-03-01,"WANNEROO",125.326086956522
"806",2021-04-01,"WANNEROO",79.25
"807",2020-05-01,"WAROONA",181.647058823529
"808",2020-06-01,"WAROONA",184.538461538462
"809",2020-10-01,"WAROONA",167.3
"810",2020-11-01,"WAROONA",169.1
"811",2020-12-01,"WAROONA",160.5
"812",2021-01-01,"WAROONA",160.75
"813",2021-02-01,"WAROONA",182.1
"814",2021-03-01,"WAROONA",179.333333333333
"815",2021-04-01,"WAROONA",206
"816",2020-05-01,"WEST ARTHUR",124.666666666667
"817",2020-06-01,"WEST ARTHUR",124.666666666667
"818",2020-10-01,"WEST ARTHUR",125
"819",2020-11-01,"WEST ARTHUR",125
"820",2020-12-01,"WEST ARTHUR",125
"821",2021-01-01,"WEST ARTHUR",126.666666666667
"822",2021-02-01,"WEST ARTHUR",126.666666666667
"823",2021-03-01,"WEST ARTHUR",126.666666666667
"824",2020-05-01,"WICKEPIN",79
"825",2020-06-01,"WICKEPIN",80
"826",2020-10-01,"WICKEPIN",115
"827",2020-11-01,"WICKEPIN",115
"828",2020-12-01,"WICKEPIN",115
"829",2021-01-01,"WICKEPIN",115
"830",2021-02-01,"WICKEPIN",115
"831",2021-03-01,"WICKEPIN",115
"832",2020-05-01,"WILLIAMS",329
"833",2020-06-01,"WILLIAMS",330
"834",2020-10-01,"WILLIAMS",191
"835",2020-11-01,"WILLIAMS",191
"836",2020-12-01,"WILLIAMS",193.5
"837",2021-01-01,"WILLIAMS",193.5
"838",2021-02-01,"WILLIAMS",193
"839",2021-03-01,"WILLIAMS",193.5
"840",2020-05-01,"WOODANILLING",120
"841",2020-06-01,"WOODANILLING",120
"842",2020-10-01,"WOODANILLING",123
"843",2020-11-01,"WOODANILLING",123
"844",2020-12-01,"WOODANILLING",134
"845",2021-01-01,"WOODANILLING",123
"846",2021-02-01,"WOODANILLING",123
"847",2021-03-01,"WOODANILLING",120
"848",2020-05-01,"WYALKATCHEM",111.5
"849",2020-06-01,"WYALKATCHEM",112
"850",2020-05-01,"WYNDHAM-EAST KIMBERLEY",118.947368421053
"851",2020-06-01,"WYNDHAM-EAST KIMBERLEY",123.052631578947
"852",2020-12-01,"WYNDHAM-EAST KIMBERLEY",126.8
"853",2021-01-01,"WYNDHAM-EAST KIMBERLEY",127.5
"854",2021-02-01,"WYNDHAM-EAST KIMBERLEY",120.4
"855",2021-03-01,"WYNDHAM-EAST KIMBERLEY",124.2
"856",2020-05-01,"YALGOO",141.2
"857",2020-06-01,"YALGOO",141.8
"858",2020-05-01,"YILGARN",79
"859",2020-06-01,"YILGARN",90
"860",2020-05-01,"YORK",153.8
"861",2020-06-01,"YORK",149.592592592593
"862",2020-10-01,"YORK",159.478260869565
"863",2020-11-01,"YORK",158.869565217391
"864",2020-12-01,"YORK",158.782608695652
"865",2021-01-01,"YORK",160.375
"866",2021-02-01,"YORK",165.695652173913
"867",2021-03-01,"YORK",169.809523809524
"868",2021-04-01,"YORK",112.5
